first_name,last_name,personal_name,email,uid,image1,create_date,display_name,reset_password_email_sent,custom_fields
,,user_9@example.com,user_9@example.com,PNIABp6mSpnhexq,None,1551080078,user_9@example.com,True,[]
,,has@access.com,has@access.com,PNIAHeDI8pjduak,None,1544194892,has@access.com,False,[]
,,user_5@example.com,user_5@example.com,PNIHNSuFZpnhey1,None,1551080089,user_5@example.com,True,[]
,,,newuser@piano.io,PNIMzXlM3qu4y4y,None,1622725523,newuser@piano.io,True,[]
Matt,Hinton,Matt Hinton,matt.hinton@piano.io,PNIP7FSyVpoky83,None,1552928259,matt hinton,True,[]
,,user_0@example.com,user_0@example.com,PNISGXVjCpnhexk,None,1551080072,user_0@example.com,True,[]
,,no@access.com,no@access.com,PNITyDyAOpjdubb,None,1544194919,no@access.com,False,[]
allegra,anka,allegra anka,allegra.anka@piano.io,PNIYDhiQRqayeba,None,1590507191,allegra anka,False,[]
J,Mathews,J Mathews,test-login@assessments.io,PNIwGolcnqhazws,None,1601172749,j mathews,True,[]
